{"t_min": -0.268682019, "t_max": 2.864775673, "r_min": 1175.818328, "r_max": 2851.13525, "fft_max": 0.5913256543252279}